[
  {
    "lang": "en",
    "title": "Top 3 Tools to Boost Programming Skills",
    "content": "Explore the best tools like Visual Studio Code, GitHub, and LeetCode to sharpen your coding skills.",
    "image": "https://source.unsplash.com/900x400/?programming,tools"
  },
  {
    "lang": "ur",
    "title": "Coding seekhne ke liye top 3 tools",
    "content": "Visual Studio Code, GitHub aur LeetCode jaise tools ke zariye apni programming skills behtar banayein.",
    "image": "https://source.unsplash.com/900x400/?urdu,code"
  },
  {
    "lang": "en",
    "title": "Why Learning JavaScript Matters in 2025",
    "content": "JavaScript continues to be a must-learn language for building modern web apps, mobile apps, and more.",
    "image": "https://source.unsplash.com/900x400/?javascript,code"
  }
]